{
    "(-1001369434479, 244062665)": 1751626198.6547656,
    "(-1001369434479, 5796525103)": 1751626232.6180434,
    "-1001369434479_244062665": 1751627662.8720758,
    "-1001369434479_7426704327": 1751627666.7841203
}